{
  "timestamp": "2026-01-12T07:00:43.542Z",
  "baseline": {
    "config": {
      "lookback": 2,
      "minBodyRatio": 0.5,
      "orbAtr": 1.5,
      "orbVol": 2,
      "useBodyOnly": true,
      "obMaxBars": 60,
      "minAwayMultRangebound": 0.2,
      "minAwayMultNormal": 0.8,
      "minAwayMultTrending": 2,
      "requireReversal": true,
      "orderValidityBars": 3,
      "maxPriceDeviation": 0.02,
      "slBuffer": 0.01,
      "tp1Ratio": 1.2,
      "rrRatio": 4,
      "tp1Percent": 1,
      "leverage": 15,
      "maxHoldingBars": 48,
      "retryCooldown": 12,
      "useATRCVDFilter": true,
      "atrFilterMin": 0.5,
      "atrFilterMax": 3,
      "cvdLookback": 20,
      "makerFee": 0.0004,
      "takerFee": 0.00075,
      "slippage": 0.0002
    },
    "result": {
      "totalTrades": 9803,
      "wins": 5976,
      "losses": 3827,
      "winRate": 60.96093032745078,
      "totalPnl": 5546.131112872541,
      "avgPnl": 0.565758554817152,
      "maxDrawdown": 26.391459935661977,
      "profitFactor": 0
    }
  },
  "phase1": {
    "description": "개별 파라미터 최적화 결과",
    "results": [
      {
        "paramName": "atrFilterMin",
        "baselineValue": 0.5,
        "optimizedValue": 0.3,
        "baselineAvgPnl": 0.565758554817152,
        "optimizedAvgPnl": 0.4099255624955315,
        "improvement": -0.15583299232162046,
        "fullResult": {
          "totalTrades": 22628,
          "wins": 13064,
          "losses": 9564,
          "winRate": 57.733781156089805,
          "totalPnl": 9275.795628148888,
          "avgPnl": 0.4099255624955315,
          "maxDrawdown": 31.48633873942727,
          "profitFactor": 0
        }
      },
      {
        "paramName": "orbVol",
        "baselineValue": 2,
        "optimizedValue": 1.5,
        "baselineAvgPnl": 0.565758554817152,
        "optimizedAvgPnl": 0.5267357176580715,
        "improvement": -0.0390228371590805,
        "fullResult": {
          "totalTrades": 11461,
          "wins": 6898,
          "losses": 4563,
          "winRate": 60.18672018148503,
          "totalPnl": 6036.918060079158,
          "avgPnl": 0.5267357176580715,
          "maxDrawdown": 25.968339128336947,
          "profitFactor": 0
        }
      },
      {
        "paramName": "retryCooldown",
        "baselineValue": 12,
        "optimizedValue": 6,
        "baselineAvgPnl": 0.565758554817152,
        "optimizedAvgPnl": 0.563466652025229,
        "improvement": -0.0022919027919229285,
        "fullResult": {
          "totalTrades": 10344,
          "wins": 6298,
          "losses": 4046,
          "winRate": 60.885537509667444,
          "totalPnl": 5828.49904854897,
          "avgPnl": 0.563466652025229,
          "maxDrawdown": 27.045028541890453,
          "profitFactor": 0
        }
      },
      {
        "paramName": "slBuffer",
        "baselineValue": 0.01,
        "optimizedValue": 0.0075,
        "baselineAvgPnl": 0.565758554817152,
        "optimizedAvgPnl": 0.5694230075027176,
        "improvement": 0.003664452685565589,
        "fullResult": {
          "totalTrades": 10129,
          "wins": 6454,
          "losses": 3675,
          "winRate": 63.718037318590184,
          "totalPnl": 5767.685642995027,
          "avgPnl": 0.5694230075027176,
          "maxDrawdown": 20.478094793766818,
          "profitFactor": 0
        }
      },
      {
        "paramName": "orbAtr",
        "baselineValue": 1.5,
        "optimizedValue": 1.2,
        "baselineAvgPnl": 0.565758554817152,
        "optimizedAvgPnl": 0.5159631516671885,
        "improvement": -0.049795403149963446,
        "fullResult": {
          "totalTrades": 11129,
          "wins": 6667,
          "losses": 4462,
          "winRate": 59.906550453769434,
          "totalPnl": 5742.153914904141,
          "avgPnl": 0.5159631516671885,
          "maxDrawdown": 29.265601249914795,
          "profitFactor": 0
        }
      },
      {
        "paramName": "tp1Ratio",
        "baselineValue": 1.2,
        "optimizedValue": 1,
        "baselineAvgPnl": 0.565758554817152,
        "optimizedAvgPnl": 0.5688731007040227,
        "improvement": 0.0031145458868707676,
        "fullResult": {
          "totalTrades": 10005,
          "wins": 6656,
          "losses": 3349,
          "winRate": 66.52673663168416,
          "totalPnl": 5691.575372543747,
          "avgPnl": 0.5688731007040227,
          "maxDrawdown": 23.960572000005936,
          "profitFactor": 0
        }
      },
      {
        "paramName": "minBodyRatio",
        "baselineValue": 0.5,
        "optimizedValue": 0.4,
        "baselineAvgPnl": 0.565758554817152,
        "optimizedAvgPnl": 0.5340067909021273,
        "improvement": -0.031751763915024656,
        "fullResult": {
          "totalTrades": 10529,
          "wins": 6348,
          "losses": 4181,
          "winRate": 60.290625890397955,
          "totalPnl": 5622.557501408499,
          "avgPnl": 0.5340067909021273,
          "maxDrawdown": 25.480286009385832,
          "profitFactor": 0
        }
      },
      {
        "paramName": "minAwayMultNormal",
        "baselineValue": 0.8,
        "optimizedValue": 0.6,
        "baselineAvgPnl": 0.565758554817152,
        "optimizedAvgPnl": 0.5672498204989607,
        "improvement": 0.0014912656818086845,
        "fullResult": {
          "totalTrades": 9829,
          "wins": 5994,
          "losses": 3835,
          "winRate": 60.982805982297286,
          "totalPnl": 5575.498485684284,
          "avgPnl": 0.5672498204989607,
          "maxDrawdown": 26.391459935661988,
          "profitFactor": 0
        }
      },
      {
        "paramName": "orderValidityBars",
        "baselineValue": 3,
        "optimizedValue": 2,
        "baselineAvgPnl": 0.565758554817152,
        "optimizedAvgPnl": 0.5624016311316892,
        "improvement": -0.0033569236854628093,
        "fullResult": {
          "totalTrades": 9879,
          "wins": 6012,
          "losses": 3867,
          "winRate": 60.856361979957484,
          "totalPnl": 5555.965713949957,
          "avgPnl": 0.5624016311316892,
          "maxDrawdown": 29.74203920083525,
          "profitFactor": 0
        }
      },
      {
        "paramName": "minAwayMultRangebound",
        "baselineValue": 0.2,
        "optimizedValue": 0.4,
        "baselineAvgPnl": 0.565758554817152,
        "optimizedAvgPnl": 0.5664214784249518,
        "improvement": 0.0006629236077998479,
        "fullResult": {
          "totalTrades": 9800,
          "wins": 5976,
          "losses": 3824,
          "winRate": 60.97959183673469,
          "totalPnl": 5550.930488564528,
          "avgPnl": 0.5664214784249518,
          "maxDrawdown": 26.391459935661977,
          "profitFactor": 0
        }
      },
      {
        "paramName": "atrFilterMax",
        "baselineValue": 3,
        "optimizedValue": 3.5,
        "baselineAvgPnl": 0.565758554817152,
        "optimizedAvgPnl": 0.5660196771219356,
        "improvement": 0.0002611223047835898,
        "fullResult": {
          "totalTrades": 9804,
          "wins": 5977,
          "losses": 3827,
          "winRate": 60.96491228070175,
          "totalPnl": 5549.256914503456,
          "avgPnl": 0.5660196771219356,
          "maxDrawdown": 26.391459935661977,
          "profitFactor": 0
        }
      },
      {
        "paramName": "minAwayMultTrending",
        "baselineValue": 2,
        "optimizedValue": 1.5,
        "baselineAvgPnl": 0.565758554817152,
        "optimizedAvgPnl": 0.5656954993272263,
        "improvement": -0.00006305548992568966,
        "fullResult": {
          "totalTrades": 9805,
          "wins": 5977,
          "losses": 3828,
          "winRate": 60.9586945436002,
          "totalPnl": 5546.644370903454,
          "avgPnl": 0.5656954993272263,
          "maxDrawdown": 26.391459935661977,
          "profitFactor": 0
        }
      },
      {
        "paramName": "cvdLookback",
        "baselineValue": 20,
        "optimizedValue": 10,